start,end
1364428270,1364433109
1364433140,1364441760
1364493123,1364503024
1364505736,1364531481
1364741370,1364753802
1364753861,1364765446
1364765604,1364790210
1364790241,1364823985
1364832584,1364843266
1364850443,1364855353
1364859667,1364874665
1364924717,1364929309
1364931605,1364938153
1364939201,1364950336
1364961164,1364996976
1364999903,1365020081
1365024495,1365031486
1365098770,1365106673
1365111128,1365126111
1365174277,1365187611
1365204659,1365212974
1365271574,1365283276
1365283369,1365306451
1365522122,1365538948
1365539090,1365559686
1366063261,1366068317
1366068537,1366085524
1366385568,1366401411
1367248264,1367252685
1367973134,1367988248
1368198885,1368203833
1368383978,1368388254
1368429097,1368457991
1368469065,1368477117
1368482050,1368498448
1368557745,1368572140
1368988353,1368996533
1369668743,1369673127
1369677418,1369681336
1369681507,1369688120
